{
    "products":[
        {
            "id":0,
            "productImage":"https://fennec.co.kr/web/product/small/202406/e0d1b139cb1d7f808832d2be99880fc6.jpg",
            "title":"BERRY POCKET BACKPACK - CHECK BLUE",
            "price":8300,
            "new":"true",
            "descriptions":["リボン装飾が付いた3つのジッパーポケットがポイントのミニバックパック","ブルーとブラックカラーのミックスポリチェック生地","バンドタイプの開口部とマグネットスナップ留めで収納が便利なアイテム"],
            "category":"bag",
            "additionalImages":["https://fennec.co.kr/web/product/small/202406/e0d1b139cb1d7f808832d2be99880fc6.jpg","https://fennec.co.kr/web/product/extra/small/202406/566234f817ef33fc032548e9fbdd6640.jpg","https://fennec.co.kr/web/product/extra/small/202406/6a85b5b647f3a3b9babd2cef3da2cf2c.jpg","https://fennec.co.kr/web/product/extra/small/202406/640da32b23bcc796fc898ffbfff51ecf.jpg","https://fennec.co.kr/web/product/extra/small/202406/832cb969d196f838f8c2c73de46504b0.jpg"]
        },
       {
            "id":1,
            "productImage":"https://fennec.co.kr/web/product/small/202403/f3d1116fa2c76672b40784b7432979e5.jpg",
            "title":"BERRY POKET BACKPACK - SILVER",
            "price":8300,
            "new":"true",
            "descriptions":["リボン装飾が付いた3つのジッパーポケットがポイントのミニバックパック","生活防水が可能な頑丈なポリウレタン素材","バンドタイプの開口部とマグネットスナップ留めで収納が便利なアイテム"],
            "category":"bag",
            "additionalImages":["https://fennec.co.kr/web/product/small/202403/f3d1116fa2c76672b40784b7432979e5.jpg","https://fennec.co.kr/web/product/extra/small/202403/8524664c6677dd92827c60db84eb06bb.jpg","https://fennec.co.kr/web/product/extra/small/202403/fa591dc702bee0e1e69f937c15e33d82.jpg","https://fennec.co.kr/web/product/extra/small/202403/8f027adf0c7b4c83229392d84c78f06f.jpg","https://fennec.co.kr/web/product/extra/small/202403/dca6a71f05345eeb220c81c60cae6d5a.jpg","https://fennec.co.kr/web/product/extra/small/202403/5fb998f04929325e3baf8a82f3a61dbd.jpg"]
        },
        {
            "id":2,
            "productImage":"https://fennec.co.kr/web/product/small/202403/230246d1ea4b0407e9605b6b9d811cd8.jpg",
            "title":"BERRY POCKET BACKPACK - BLACK",
            "price":8300,
            "new":"true",
            "descriptions":["リボン装飾が付いた3つのジッパーポケットがポイントのミニバックパック","生活防水が可能な丈夫なナイロン素材","バンドタイプの開口部とマグネットスナップ留めで収納が便利なアイテム"],
            "category":"bag",
            "additionalImages":["https://fennec.co.kr/web/product/small/202403/230246d1ea4b0407e9605b6b9d811cd8.jpg","https://fennec.co.kr/web/product/extra/small/202403/b686c0b64bbcd46065339851f4bcd8a7.jpg","https://fennec.co.kr/web/product/extra/small/202403/24b215e3e21b9d189c65e062657dbb76.jpg","https://fennec.co.kr/web/product/extra/small/202403/516bf5197328322222a99f16c3e08e85.jpg","https://fennec.co.kr/web/product/extra/small/202403/43424c7e2ffe5132dea8e50f06d4a64e.jpg"]
        },
        {
            "id":3,
            "productImage":"https://fennec.co.kr/web/product/small/202402/d37e6f932ea819e2e126ffa8b51e7e0d.jpg",
            "title":"CRINKLE TRIANGLE TRIPLE WALLET D - BLACK",
            "price":8800,
            "new":"false",
            "descriptions":["合計4つのスロットと1つのお札入れで、カード、名刺、お札、コインなどをたっぷり収納できます","Dリングが付いており、チェーンストラップと互換性があります"],
            "category":"wallet",
            "additionalImages":["https://fennec.co.kr/web/product/small/202402/d37e6f932ea819e2e126ffa8b51e7e0d.jpg","https://fennec.co.kr/web/product/extra/small/202402/4d45cbb9b61c498159b2cf34958fedb5.jpg","https://fennec.co.kr/web/product/extra/small/202402/2f99f5c31921920451ef4ab6f41f7b1f.jpg","https://fennec.co.kr/web/product/extra/small/202402/577d3a74664d003c93853974ff95bcbc.jpg","https://fennec.co.kr/web/product/extra/small/202402/8cead2dee2c148dc8037d1f4238b518e.jpg","https://fennec.co.kr/web/product/extra/small/202402/342f30c152a249454cc1d1720f227b57.jpg"]
        },
        {
            "id":4,
            "productImage":"https://fennec.co.kr/web/product/small/202402/219182559fbbf04c606db29a3463005d.jpg",
            "title":"CRINKLE TRIANGLE TRIPLE WALLET D - SILVER",
            "price":8800,
            "new":false,
            "descriptions":["ほのかな光沢と自然なクラックテクスチャーのクリンクル牛革素材","ロゴが刻印されたニッケルサテン装飾ポイント","合計4つのスロットと1つのお札入れで、カード、名刺、お札、コインなどをたっぷり収納できます","Dリングが付いており、チェーンストラップと互換性があります"],
            "category":"wallet",
            "additionalImages":["https://fennec.co.kr/web/product/small/202402/219182559fbbf04c606db29a3463005d.jpg","https://fennec.co.kr/web/product/extra/small/202402/b92b5832d6ee8cd36ea9209b2b88c12e.jpg","https://fennec.co.kr/web/product/extra/small/202402/de8c6ef75b70007f5ff80984dbeb8f52.jpg","https://fennec.co.kr/web/product/extra/small/202402/d30f27ae3d4d350a21f3a0a214272fdb.jpg","https://fennec.co.kr/web/product/extra/small/202402/921ed8c1da94c0b768941f87914e8ddb.jpg","https://fennec.co.kr/web/product/extra/small/202402/12365b1220da1b9aac38078ca4d15cad.jpg"]
        },
        {
            "id":5,
            "productImage":"https://fennec.co.kr/web/product/small/202403/44fc2fafb54fe9e84f80820716778591.jpg",
            "title":"CRINKLE TRIANGLE TRIPLE WALLET D - COOL PINK",
            "price":8800,
            "new":false,
            "descriptions":["クリンクルテクスチャーの牛革にエナメルコーティングを施し、光沢が際立つウォレット","ロゴが刻印されたニッケルサテン装飾ポイント","カード、名刺、硬貨、紙幣などがたっぷり収納できる、合計4つのスロットと紙幣スペース1つで構成されています","Dリングを活用して、キーリングやチェーンストラップなど、さまざまなスタイリングが可能です"],
            "category":"wallet",
            "additionalImages":["https://fennec.co.kr/web/product/small/202403/44fc2fafb54fe9e84f80820716778591.jpg","https://fennec.co.kr/web/product/extra/small/202403/7360ca3a8c5504669ed17f5976ceb9de.jpg","https://fennec.co.kr/web/product/extra/small/202403/74c89bc7b84f424cfd680dcfd93c5e0f.jpg","https://fennec.co.kr/web/product/extra/small/202403/73e30634eaf5ecf574bdfdd60e19e325.jpg","https://fennec.co.kr/web/product/extra/small/202403/0105ef8b5cc9715a07bc43ec5d054e28.jpg"]
        },
        {
            "id":6,
            "productImage":"https://fennec.co.kr/web/product/small/202404/426f89b55cd54106d7aba8380f390e13.jpg",
            "title":"SILVER BALL KEYRING - SILVER",
            "price":3800,
            "new":true,
            "descriptions":["オンラインストア限定アイテム","シルバーボール、ハート、星ペンダントとチェーンの組み合わせがポイントのキーリング","Dリングが付いた財布やバッグに演出可能なアイテム"],
            "category":"acc",
            "additionalImages":["https://fennec.co.kr/web/product/small/202404/426f89b55cd54106d7aba8380f390e13.jpg"]
        },
        {
            "id":7,
            "productImage":"https://fennec.co.kr/web/product/small/202402/425d9588e0e6cdc2308d56b658ff87e6.jpg",
            "title":"KNOT MOTIF KEYRING - SILVER",
            "price":2800,
            "new":true,
            "descriptions":["オンラインストア限定アイテム","結びモチーフのペンダントがポイントのキーリング","リングとワンタッチオープン式のOリングが組み合わされており、2つのスタイリングが可能"],
            "category":"acc",
            "additionalImages":["https://fennec.co.kr/web/product/small/202402/425d9588e0e6cdc2308d56b658ff87e6.jpg","https://fennec.co.kr/web/product/extra/small/202402/07aa21c6ea925d73a4e70ce4cc4fb048.jpg","https://fennec.co.kr/web/product/extra/small/202402/36ba9b1e25a51e4a38ac3c6f13666dc1.jpg"]
        },
        {
            "id":8,
            "productImage":"https://fennec.co.kr/web/product/small/202402/ffcfe4458dbbdad1cd8b1a05da66cd79.jpg",
            "title":"KNOT KEY CHAIN - SILVER",
            "price":3300,
            "new":true,
            "descriptions":["オンラインストア限定アイテム","結びディテールがポイントのミックスチェーン","2つのリング構成で多彩な演出が可能"],
            "category":"acc",
            "additionalImages":["https://fennec.co.kr/web/product/small/202402/ffcfe4458dbbdad1cd8b1a05da66cd79.jpg","https://fennec.co.kr/web/product/extra/small/202402/a2bc60c17f21d5ce6a89b10bd0ea7972.jpg","https://fennec.co.kr/web/product/extra/small/202402/eff142bd6d5bcd7c19f6c33922477501.jpg"]
        },
        {
            "id":9,
            "productImage":"https://fennec.co.kr/web/product/small/202406/f105d14869e4dbe0c19b892e47cb949e.jpg",
            "title":"MEDIUM HOBO - BLACK",
            "price":6500,
            "new":false,
            "descriptions":["自然なシルエットのミディアムサイズのホーボーバッグ","光沢がある柔らかい触り心地のナイロン素材を使用","ストラップの調節が可能で、ショルダーとクロスの2wayでスタイリング可能","内部ジッパーポケットとたっぷりした収納スペースで実用的","ロゴが刻印されたメタル三角装飾ポイント","Dリングを活用してキーリングなど多彩な演出が可能"],
            "category":"bag",
            "additionalImages":["https://fennec.co.kr/web/product/small/202406/f105d14869e4dbe0c19b892e47cb949e.jpg","https://fennec.co.kr/web/product/extra/small/202406/eeb24694030ab62a8334826d7eeb20fd.jpg","https://fennec.co.kr/web/product/extra/small/202406/cc42897b50b83c77e75b4d97c0632aae.jpg","https://fennec.co.kr/web/product/extra/small/202406/ce2adab5b41d1e58c8913e878ec8abbd.jpg","https://fennec.co.kr/web/product/extra/small/202406/87e7fc7214e76f0b3a68062dba1e4853.jpg","https://fennec.co.kr/web/product/extra/small/202406/5c323b0ed02dfa793cce8d868fd9bbe9.jpg","https://fennec.co.kr/web/product/extra/small/202406/ac2cb884f3177b3f3333aee6e2662ccb.jpg",""]
        },
        {
            "id":10,
            "productImage":"https://fennec.co.kr/web/product/small/202406/fd196dc6563498cd631a789c036e330c.jpg",
            "title":"MEDIUM HOBO - IVORY",
            "price":6500,
            "new":false,
            "descriptions":["自然なシルエットのミディアムサイズのホーボーバッグ","光沢がある柔らかい触り心地のナイロン素材を使用","ストラップの調節が可能で、ショルダーとクロスの2wayでスタイリング可能","内部ジッパーポケットとたっぷりした収納スペースで実用的","ロゴが刻印されたメタル三角装飾ポイント","Dリングを活用してキーリングなど多彩な演出が可能"],
            "category":"bag",
            "additionalImages":["https://fennec.co.kr/web/product/small/202406/fd196dc6563498cd631a789c036e330c.jpg","https://fennec.co.kr/web/product/extra/small/202406/30dde2af297e96830389b163f31183f3.jpg","https://fennec.co.kr/web/product/extra/small/202406/f242816ee0517021e5536fe82be42d5f.jpg","https://fennec.co.kr/web/product/extra/small/202406/530df39aec96908314d7d9ba81f80fee.jpg","https://fennec.co.kr/web/product/extra/small/202406/fb28c9772829557a5be5f70bc0c89806.jpg","https://fennec.co.kr/web/product/extra/small/202406/62db7863f178ff6e0f8bb2d2caf43313.jpg","https://fennec.co.kr/web/product/extra/small/202406/180ecd9f34e5cc13c1f6d384647e54bd.jpg"]
        },
        {
            "id":11,
            "productImage":"https://fennec.co.kr/web/product/small/202406/6f8811d812ca575bd4a71a9dfdea60ad.jpg",
            "title":"MEDIUM HOBO - SILVER",
            "price":6500,
            "new":false,
            "descriptions":["自然なシルエットのミディアムサイズのホーボーバッグ","光沢がある柔らかい触り心地のナイロン素材を使用","ストラップの調節が可能で、ショルダーとクロスの2wayでスタイリング可能","内部ジッパーポケットとたっぷりした収納スペースで実用的","ロゴが刻印されたメタル三角装飾ポイント","Dリングを活用してキーリングなど多彩な演出が可能"],
            "category":"bag",
            "additionalImages":["https://fennec.co.kr/web/product/small/202406/6f8811d812ca575bd4a71a9dfdea60ad.jpg","https://fennec.co.kr/web/product/extra/small/202406/dc4a5f5e30c07ee5027861d09c1aa3ca.jpg","https://fennec.co.kr/web/product/extra/small/202406/e06624764766eed4f0780feb76dfead8.jpg","https://fennec.co.kr/web/product/extra/small/202406/3d27c1128abd1afbe9c949a4cc377a82.jpg","https://fennec.co.kr/web/product/extra/small/202406/a18d6950e2edf411a02474df0f784596.jpg"]
        },
        {
            "id":12,
            "productImage":"https://fennec.co.kr/web/product/small/202406/2cd5e4815037c794cb1726ebfb42d206.jpg",
            "title":"RIBBON FLAP CARD CASE - MIRROR SILVER",
            "price":5800,
            "new":false,
            "descriptions":["リボン形状のフラップがポイントのカードケースとビーズリボンキーリングのセット構成","ミラーコーティングタイプのメタリックシルバー牛革素材","合計5つのカードスロットで構成","金属スナップできれいで安全なクロージング"],
            "category":"wallet",
            "additionalImages":["https://fennec.co.kr/web/product/small/202406/2cd5e4815037c794cb1726ebfb42d206.jpg","https://fennec.co.kr/web/product/extra/small/202406/1f73dd9b44ee6515c3fe42d5c116b094.jpg","https://fennec.co.kr/web/product/extra/small/202406/889051df16cbb14bc4267a1e63ff4d6b.jpg","https://fennec.co.kr/web/product/extra/small/202406/8b128f06ab805908518065e2b1d42bfe.jpg"]
        },
        {
            "id":13,
            "productImage":"https://fennec.co.kr/web/product/small/202406/bc53661afce596b64afd1cb2170910e1.jpg",
            "title":"RIBBON FLAP CARD CASE - MIRROR PINK",
            "price":5800,
            "new":false,
            "descriptions":["リボン形状のフラップがポイントのカードケースとビーズリボンキーリングのセット構成","ミラーコーティングタイプのメタリックシルバー牛革素材","合計5つのカードスロットで構成","金属スナップできれいで安全なクロージング"],
            "category":"wallet",
            "additionalImages":["https://fennec.co.kr/web/product/small/202406/bc53661afce596b64afd1cb2170910e1.jpg","https://fennec.co.kr/web/product/extra/small/202406/fc845ece5af3d10e6bbfe6e0e67193e2.jpg","https://fennec.co.kr/web/product/extra/small/202406/38360d5a85477795825cbc56a50fa210.jpg","https://fennec.co.kr/web/product/extra/small/202406/8e6c9ad7cdedd19348b0856480098dc1.jpg"]
        },
        {
            "id":14,
            "productImage":"https://fennec.co.kr/web/product/small/202402/ce0c391c9564cdb532a230da0d1b7329.jpg",
            "title":"DOUBLE LONG CHAIN - SILVER",
            "price":4200,
            "new":false,
            "descriptions":["オンラインストア限定アイテム","ミックスチェーンとミニペンダントがポイントの使い勝手の良いチェーン","Dリングが付いた自社の財布とも使用可能","長さ調節が可能でチェーンベルトとしてもスタイリングが可能なアイテム"],
            "category":"acc",
            "additionalImages":["https://fennec.co.kr/web/product/small/202402/ce0c391c9564cdb532a230da0d1b7329.jpg","https://fennec.co.kr/web/product/extra/small/202402/1a918f65bea2a47ace737300bbec3520.jpg","https://fennec.co.kr/web/product/extra/small/202402/45cbee76dcbc59b7c77248f7e848d81b.jpg","https://fennec.co.kr/web/product/extra/small/202402/fa1c955450312c093d30c49befa1273f.jpg"]
        },
        {
            "id":15,
            "productImage":"https://fennec.co.kr/web/product/small/202402/118ae965b4cf7afb8575fccb1094139a.jpg",
            "title":"TRIANGLE LONG STRAP - SILVER",
            "price":3300,
            "new":false,
            "descriptions":["シグネチャー装飾であるトライアングルディテールを施して開発したロングチェーンストラップ","クロスして肩掛けできる長さのストラップで、Dリングが付いた財布やミニバッグに適用可能","トライアングルメダルはサテンメッキを施し、高級感ある印象です"],
            "category":"acc",
            "additionalImages":["https://fennec.co.kr/web/product/small/202402/118ae965b4cf7afb8575fccb1094139a.jpg","https://fennec.co.kr/web/product/extra/small/202402/4da61991d10e160285699656d222e706.jpg",""]
        },
        {
            "id":16,
            "productImage":"https://fennec.co.kr/web/product/small/202402/7658c80926471954e2f268a050dec1d8.jpg",
            "title":"TRIANGLE KEYRING - SILVER",
            "price":1800,
            "new":false,
            "descriptions":["シグネチャーデザインのトライアングルペンダントが付いたキーリング","バッグや財布などのDリングディテールを活用して、さまざまなスタイリングが可能"],
            "category":"acc",
            "additionalImages":["https://fennec.co.kr/web/product/small/202402/7658c80926471954e2f268a050dec1d8.jpg","https://fennec.co.kr/web/product/extra/small/202402/5937c4e72405739337f53cce2dbb8912.jpg"]
        },
        {
            "id":17,
            "productImage":"https://fennec.co.kr/web/product/small/202402/a77b1a6d13939b2fb572a7950b2b403b.jpg",
            "title":"TRIANGLE CHAIN STRAP - SILVER",
            "price":2300,
            "new":false,
            "descriptions":["シグネチャー装飾であるトライアングルディテールを施して開発したチェーンストラップ","ミニトートバッグの長さのストラップで、Dリングが付いた財布やミニバッグに装着可能","トライアングルメダルはサテンメッキを施し、高級感ある仕上げ"],
            "category":"acc",
            "additionalImages":["https://fennec.co.kr/web/product/small/202402/a77b1a6d13939b2fb572a7950b2b403b.jpg","https://fennec.co.kr/web/product/extra/small/202402/614080597d4f6c975221866f292c714f.jpg","https://fennec.co.kr/web/product/extra/small/202402/6f2a3e299c687091a12985cc2b798288.jpg"]
        }
    ]
}